<keymap version="1" name="Hemant" parent="Eclipse">
  <action id="ActivateBigDataToolWindowToolWindow">
    <keyboard-shortcut first-keystroke="shift ctrl alt b" />
  </action>
  <action id="Arrangement.Rule.Edit" />
  <action id="BookmarksView.Rename" />
  <action id="CloseActiveTab" />
  <action id="CloseContent">
    <keyboard-shortcut first-keystroke="ctrl f4" />
    <keyboard-shortcut first-keystroke="ctrl w" />
  </action>
  <action id="CommentByLineComment">
    <keyboard-shortcut first-keystroke="ctrl slash" />
    <keyboard-shortcut first-keystroke="ctrl divide" />
    <keyboard-shortcut first-keystroke="shift ctrl c" />
  </action>
  <action id="Compile" />
  <action id="CompileFile" />
  <action id="CopyAbsolutePath" />
  <action id="CopyPaths" />
  <action id="Debug">
    <keyboard-shortcut first-keystroke="shift alt d" />
    <keyboard-shortcut first-keystroke="shift f9" />
    <keyboard-shortcut first-keystroke="ctrl back_quote" />
  </action>
  <action id="Debugger.EditArrayFilter" />
  <action id="Debugger.EditCustomField" />
  <action id="EditorContextInfo" />
  <action id="FastMouseScroll.Toggle">
    <mouse-shortcut keystroke="button2" />
    <mouse-shortcut keystroke="control button142" />
    <mouse-shortcut keystroke="control button143" />
  </action>
  <action id="GotoImplementation">
    <keyboard-shortcut first-keystroke="ctrl t" />
    <keyboard-shortcut first-keystroke="ctrl alt b" />
    <mouse-shortcut keystroke="control alt button1" />
  </action>
  <action id="GuiDesigner.QuickJavadoc">
    <mouse-shortcut keystroke="alt button2" />
    <keyboard-shortcut first-keystroke="shift ctrl space" />
  </action>
  <action id="Hotswap">
    <keyboard-shortcut first-keystroke="shift ctrl f9" />
  </action>
  <action id="PackageFile" />
  <action id="QuickChangeScheme" />
  <action id="QuickJavaDoc">
    <mouse-shortcut keystroke="alt button2" />
    <keyboard-shortcut first-keystroke="shift ctrl space" />
  </action>
  <action id="RenameElement">
    <keyboard-shortcut first-keystroke="shift alt r" />
    <keyboard-shortcut first-keystroke="f2" />
    <keyboard-shortcut first-keystroke="alt q" />
  </action>
  <action id="Table-startEditing" />
  <action id="Tree-startEditing" />
  <action id="UsageFiltering.WriteAccess" />
  <action id="Vcs.Log.ShowTooltip">
    <mouse-shortcut keystroke="alt button2" />
    <keyboard-shortcut first-keystroke="shift ctrl space" />
  </action>
  <action id="WelcomeScreen.CopyProjectPath" />
  <action id="XDebugger.EditWatch" />
  <action id="XDebugger.SetValue" />
  <action id="org.intellij.plugins.markdown.ui.actions.styling.ToggleCodeSpanAction" />
</keymap>